,NDVI lowess MODIS,NDVI lowess S2,NDVI lowess L8,NDVI lowess NSRS_1,NDVI lowess NSRS_2,NDVI lowess NSRS_3,NDVI lowess NSRS_1_B,NDVI lowess NSRS_2_B,NDVI lowess NSRS_3_B,DATE
1515196800,False,False,False,False,False,False,False,False,False,2018-01-06
1515283200,False,False,False,False,False,False,False,False,False,2018-01-07
1515369600,False,False,False,False,False,False,False,False,False,2018-01-08
1515628800,False,False,False,False,False,False,False,False,False,2018-01-11
1515715200,False,False,False,False,False,False,False,False,False,2018-01-12
1515801600,False,False,False,False,False,False,False,False,False,2018-01-13
1516233600,False,False,False,False,False,False,False,False,False,2018-01-18
1516492800,1,False,False,False,False,False,False,False,False,2018-01-21
1516579200,False,False,False,False,False,False,False,False,False,2018-01-22
1517011200,1,False,False,False,False,False,False,False,False,2018-01-27
1517097600,False,False,False,False,False,False,False,False,False,2018-01-28
1517184000,1,False,False,False,False,False,False,False,False,2018-01-29
1517270400,1,False,False,False,False,False,False,False,False,2018-01-30
1517443200,1,False,False,False,False,False,False,False,False,2018-02-01
1517529600,False,False,False,False,False,False,False,False,False,2018-02-02
1517616000,False,False,False,False,False,False,False,False,False,2018-02-03
1517702400,False,False,False,False,False,False,False,False,False,2018-02-04
1517961600,False,False,False,False,False,False,False,False,False,2018-02-07
1518134400,False,False,False,False,False,False,False,False,False,2018-02-09
1518566400,1,False,False,False,False,False,False,False,False,2018-02-14
1518739200,1,False,False,False,False,False,False,False,False,2018-02-16
1519171200,False,False,False,False,False,False,False,False,False,2018-02-21
1519257600,1,False,False,False,False,False,False,False,False,2018-02-22
1519776000,1,False,False,False,False,False,False,False,False,2018-02-28
1519862400,False,False,False,False,False,False,False,False,False,2018-03-01
1519948800,False,False,False,False,False,False,False,False,False,2018-03-02
1520035200,1,False,False,False,False,False,False,False,False,2018-03-03
1520121600,False,False,False,False,False,False,False,False,False,2018-03-04
1520208000,False,False,False,False,False,False,False,False,False,2018-03-05
1520294400,False,False,False,False,False,False,False,False,False,2018-03-06
1520380800,1,False,False,False,False,False,False,False,False,2018-03-07
1520726400,False,False,False,False,False,False,False,False,False,2018-03-11
1520812800,False,False,False,False,False,False,False,False,False,2018-03-12
1520899200,False,False,False,False,False,False,False,False,False,2018-03-13
1520985600,1,False,False,False,False,False,False,False,False,2018-03-14
1521072000,False,False,False,False,False,False,False,False,False,2018-03-15
1521158400,False,False,False,False,False,False,False,False,False,2018-03-16
1521244800,1,False,False,False,False,False,False,False,False,2018-03-17
1521331200,False,False,False,False,False,False,False,False,False,2018-03-18
1521417600,False,False,False,False,False,False,False,False,False,2018-03-19
1521504000,False,False,False,False,False,False,False,False,False,2018-03-20
1521590400,False,False,False,False,False,False,False,False,False,2018-03-21
1521676800,False,False,False,False,False,False,False,False,False,2018-03-22
1521763200,False,False,False,False,False,False,False,False,False,2018-03-23
1521936000,1,False,False,False,False,False,False,False,False,2018-03-25
1522022400,False,False,False,False,False,False,False,False,False,2018-03-26
1522108800,False,False,False,False,False,False,False,False,False,2018-03-27
1522627200,False,False,False,False,False,False,False,False,False,2018-04-02
1522800000,1,False,False,False,False,False,False,False,False,2018-04-04
1522886400,False,False,False,False,False,False,False,False,False,2018-04-05
1522972800,False,False,False,False,False,False,False,False,False,2018-04-06
1523059200,False,False,False,False,False,False,False,False,False,2018-04-07
1523145600,False,False,False,False,False,False,False,False,False,2018-04-08
1523491200,False,False,False,False,False,False,False,False,False,2018-04-12
1523577600,False,False,False,False,False,False,False,False,False,2018-04-13
1523750400,1,False,False,False,False,False,False,False,False,2018-04-15
1523836800,False,False,False,False,False,False,False,False,False,2018-04-16
1523923200,1,False,False,False,False,False,False,False,False,2018-04-17
1524009600,False,False,False,False,False,False,False,False,False,2018-04-18
1524096000,1,False,False,False,False,False,False,False,False,2018-04-19
1524355200,1,False,False,False,False,False,False,False,False,2018-04-22
1524441600,False,False,False,False,False,False,False,False,False,2018-04-23
1524528000,1,False,False,False,False,False,False,False,False,2018-04-24
1524787200,False,False,False,False,False,False,False,False,False,2018-04-27
1524960000,1,False,False,False,False,False,False,False,False,2018-04-29
1525046400,False,False,False,False,False,False,False,False,False,2018-04-30
1525219200,False,False,False,False,False,False,False,False,False,2018-05-02
1525305600,1,False,False,False,False,False,False,False,False,2018-05-03
1525651200,False,False,False,False,False,False,False,False,False,2018-05-07
1525824000,False,False,False,False,False,False,False,False,False,2018-05-09
1525996800,False,False,False,False,False,False,False,False,False,2018-05-11
1526256000,1,False,False,False,False,False,False,False,False,2018-05-14
1526342400,False,False,False,False,False,False,False,False,False,2018-05-15
1526428800,False,False,False,False,False,False,False,False,False,2018-05-16
1526515200,False,False,False,False,False,False,False,False,False,2018-05-17
1526601600,False,False,False,False,False,False,False,False,False,2018-05-18
1526774400,False,False,False,False,False,False,False,False,False,2018-05-20
1526860800,False,False,False,False,False,False,False,False,False,2018-05-21
1527033600,False,False,False,False,False,False,False,False,False,2018-05-23
1527120000,False,False,False,False,False,False,False,False,False,2018-05-24
1527292800,False,False,False,False,False,False,False,False,False,2018-05-26
1527379200,False,False,False,False,False,False,False,False,False,2018-05-27
1527638400,False,False,False,False,False,False,False,False,False,2018-05-30
1527724800,False,False,False,False,False,False,False,False,False,2018-05-31
1527897600,False,False,False,False,False,False,False,False,False,2018-06-02
1528070400,False,False,False,False,False,False,False,False,False,2018-06-04
1528243200,1,False,False,False,False,False,False,False,False,2018-06-06
1528329600,1,False,False,False,False,False,False,False,False,2018-06-07
1528416000,False,False,False,False,False,False,False,False,False,2018-06-08
1528502400,False,False,False,False,False,False,False,False,False,2018-06-09
1528588800,False,False,False,False,False,False,False,False,False,2018-06-10
1528848000,False,False,False,False,False,False,False,False,False,2018-06-13
1528934400,False,False,False,False,False,False,False,False,False,2018-06-14
1529020800,False,False,False,False,False,False,False,False,False,2018-06-15
1529107200,False,False,False,False,False,False,False,False,False,2018-06-16
1529193600,False,False,False,False,False,False,False,False,False,2018-06-17
1529280000,False,False,False,False,False,False,False,False,False,2018-06-18
1529366400,False,False,False,False,False,False,False,False,False,2018-06-19
1529452800,False,False,False,False,False,False,False,False,False,2018-06-20
1529625600,False,False,False,False,False,False,False,False,False,2018-06-22
1529712000,False,False,False,False,False,False,False,False,False,2018-06-23
1529798400,False,False,False,False,False,False,False,False,False,2018-06-24
1529884800,1,False,False,False,False,False,False,False,False,2018-06-25
1529971200,False,False,False,False,False,False,False,False,False,2018-06-26
1530057600,False,False,False,False,False,False,False,False,False,2018-06-27
1530144000,False,False,False,False,False,False,False,False,False,2018-06-28
1530230400,False,False,False,False,False,False,False,False,False,2018-06-29
1530403200,False,False,False,False,False,False,False,False,False,2018-07-01
1530489600,False,False,False,False,False,False,False,False,False,2018-07-02
1530576000,False,False,False,False,False,False,False,False,False,2018-07-03
1530662400,False,False,False,False,False,False,False,False,False,2018-07-04
1530748800,False,False,False,False,False,False,False,False,False,2018-07-05
1530835200,False,False,False,False,False,False,False,False,False,2018-07-06
1530921600,False,False,False,False,False,False,False,False,False,2018-07-07
1531008000,False,False,False,False,False,False,False,False,False,2018-07-08
1531094400,False,False,False,False,False,False,False,False,False,2018-07-09
1531180800,False,False,False,False,False,False,False,False,False,2018-07-10
1531267200,False,False,False,False,False,False,False,False,False,2018-07-11
1531353600,False,False,False,False,False,False,False,False,False,2018-07-12
1531699200,False,False,False,False,False,False,False,False,False,2018-07-16
1531785600,False,False,False,False,False,False,False,False,False,2018-07-17
1531872000,False,False,False,False,False,False,False,False,False,2018-07-18
1531958400,False,False,False,False,False,False,False,False,False,2018-07-19
1532044800,False,False,False,False,False,False,False,False,False,2018-07-20
1532390400,1,False,False,False,False,False,False,False,False,2018-07-24
1532476800,False,False,False,False,False,False,False,False,False,2018-07-25
1532563200,1,False,False,False,False,False,False,False,False,2018-07-26
1532649600,False,False,False,False,False,False,False,False,False,2018-07-27
1532736000,False,False,False,False,False,False,False,False,False,2018-07-28
1532822400,False,False,False,False,False,False,False,False,False,2018-07-29
1532908800,False,False,False,False,False,False,False,False,False,2018-07-30
1532995200,False,False,False,False,False,False,False,False,False,2018-07-31
1533081600,False,False,False,False,False,False,False,False,False,2018-08-01
1533427200,False,False,False,False,False,False,False,False,False,2018-08-05
1533513600,1,False,False,False,False,False,False,False,False,2018-08-06
1533600000,False,False,False,False,False,False,False,False,False,2018-08-07
1533945600,False,False,False,False,False,False,False,False,False,2018-08-11
1534032000,False,False,False,False,False,False,False,False,False,2018-08-12
1534291200,False,False,False,False,False,False,False,False,False,2018-08-15
1534377600,False,False,False,False,False,False,False,False,False,2018-08-16
1534550400,False,False,False,False,False,False,False,False,False,2018-08-18
1534636800,False,False,False,False,False,False,False,False,False,2018-08-19
1534723200,False,False,False,False,False,False,False,False,False,2018-08-20
1534809600,False,False,False,False,False,False,False,False,False,2018-08-21
1534896000,False,False,False,False,False,False,False,False,False,2018-08-22
1535155200,False,False,False,False,False,False,False,False,False,2018-08-25
1535328000,False,False,False,False,False,False,False,False,False,2018-08-27
1535414400,False,False,False,False,False,False,False,False,False,2018-08-28
1535500800,1,False,False,False,False,False,False,False,False,2018-08-29
1535587200,False,False,False,False,False,False,False,False,False,2018-08-30
1535673600,False,False,False,False,False,False,False,False,False,2018-08-31
1535760000,1,False,False,False,False,False,False,False,False,2018-09-01
1535932800,False,False,False,False,False,False,False,False,False,2018-09-03
1536019200,False,False,False,False,False,False,False,False,False,2018-09-04
1536105600,False,False,False,False,False,False,False,False,False,2018-09-05
1536192000,1,False,False,False,False,False,False,False,False,2018-09-06
1536278400,False,False,False,False,False,False,False,False,False,2018-09-07
1536364800,False,False,False,False,False,False,False,False,False,2018-09-08
1536537600,False,False,False,False,False,False,False,False,False,2018-09-10
1536624000,False,False,False,False,False,False,False,False,False,2018-09-11
1536710400,False,False,False,False,False,False,False,False,False,2018-09-12
1536883200,False,False,False,False,False,False,False,False,False,2018-09-14
1536969600,False,False,False,False,False,False,False,False,False,2018-09-15
1537056000,False,False,False,False,False,False,False,False,False,2018-09-16
1537142400,False,False,False,False,False,False,False,False,False,2018-09-17
1537401600,False,False,False,False,False,False,False,False,False,2018-09-20
1537488000,1,False,False,False,False,False,False,False,False,2018-09-21
1537574400,False,False,False,False,False,False,False,False,False,2018-09-22
1537660800,False,False,False,False,False,False,False,False,False,2018-09-23
1537747200,False,False,False,False,False,False,False,False,False,2018-09-24
1537833600,False,False,False,False,False,False,False,False,False,2018-09-25
1537920000,False,False,False,False,False,False,False,False,False,2018-09-26
1538006400,1,False,False,False,False,False,False,False,False,2018-09-27
1538092800,False,False,False,False,False,False,False,False,False,2018-09-28
1538179200,False,False,False,False,False,False,False,False,False,2018-09-29
1538265600,1,False,False,False,False,False,False,False,False,2018-09-30
1538438400,False,False,False,False,False,False,False,False,False,2018-10-02
1538524800,False,False,False,False,False,False,False,False,False,2018-10-03
1538611200,False,False,False,False,False,False,False,False,False,2018-10-04
1538870400,False,False,False,False,False,False,False,False,False,2018-10-07
1539129600,1,False,False,False,False,False,False,False,False,2018-10-10
1539216000,False,False,False,False,False,False,False,False,False,2018-10-11
1539734400,1,False,False,False,False,False,False,False,False,2018-10-17
1540512000,False,False,False,False,False,False,False,False,False,2018-10-26
1540598400,False,False,False,False,False,False,False,False,False,2018-10-27
1540684800,False,False,False,False,False,False,False,False,False,2018-10-28
1540771200,False,False,False,False,False,False,False,False,False,2018-10-29
1540857600,False,False,False,False,False,False,False,False,False,2018-10-30
1540944000,False,False,False,False,False,False,False,False,False,2018-10-31
1541030400,False,False,False,False,False,False,False,False,False,2018-11-01
1541116800,False,False,False,False,False,False,False,False,False,2018-11-02
1541203200,False,False,False,False,False,False,False,False,False,2018-11-03
1541289600,False,False,False,False,False,False,False,False,False,2018-11-04
1541462400,False,False,False,False,False,False,False,False,False,2018-11-06
1541548800,False,False,False,False,False,False,False,False,False,2018-11-07
1541635200,False,False,False,False,False,False,False,False,False,2018-11-08
1541721600,False,False,False,False,False,False,False,False,False,2018-11-09
1541894400,False,False,False,False,False,False,False,False,False,2018-11-11
1542067200,False,False,False,False,False,False,False,False,False,2018-11-13
1542412800,False,False,False,False,False,False,False,False,False,2018-11-17
1542585600,False,False,False,False,False,False,False,False,False,2018-11-19
1543017600,False,False,False,False,False,False,False,False,False,2018-11-24
1543190400,False,False,False,False,False,False,False,False,False,2018-11-26
1543363200,False,False,False,False,False,False,False,False,False,2018-11-28
1543536000,1,False,False,False,False,False,False,False,False,2018-11-30
1543881600,False,False,False,False,False,False,False,False,False,2018-12-04
1544400000,False,False,False,False,False,False,False,False,False,2018-12-10
1544745600,False,False,False,False,False,False,False,False,False,2018-12-14
1544832000,False,False,False,False,False,False,False,False,False,2018-12-15
1545004800,False,False,False,False,False,False,False,False,False,2018-12-17
1545264000,False,False,False,False,False,False,False,False,False,2018-12-20
1545350400,False,False,False,False,False,False,False,False,False,2018-12-21
1545523200,1,False,False,False,False,False,False,False,False,2018-12-23
1545609600,False,False,False,False,False,False,False,False,False,2018-12-24
1545696000,1,False,False,False,False,False,False,False,False,2018-12-25
1545782400,1,False,False,False,False,False,False,False,False,2018-12-26
1546300800,1,2,3,False,False,False,False,False,False,2019-01-01
1546560000,1,False,False,False,False,False,False,False,False,2019-01-04
1546992000,1,False,False,False,False,False,False,False,False,2019-01-09
1547078400,1,False,3,False,False,False,False,False,False,2019-01-10
1547164800,False,False,False,False,False,False,False,False,False,2019-01-11
1547251200,1,False,False,False,False,False,False,False,False,2019-01-12
1547337600,False,False,False,False,False,False,False,False,False,2019-01-13
1547510400,1,False,False,False,False,False,False,False,False,2019-01-15
1547769600,False,False,False,False,False,False,False,False,False,2019-01-18
1548028800,False,2,False,False,False,False,False,False,False,2019-01-21
1548115200,False,False,False,False,False,False,False,False,False,2019-01-22
1548201600,1,False,False,False,False,False,False,False,False,2019-01-23
1548288000,1,False,False,False,False,False,False,False,False,2019-01-24
1548374400,False,False,False,False,False,False,False,False,False,2019-01-25
1548460800,False,2,3,False,False,False,False,False,False,2019-01-26
1548547200,False,False,False,False,False,False,False,False,False,2019-01-27
1548806400,1,False,False,False,False,False,False,False,False,2019-01-30
1548892800,False,2,False,False,False,False,False,False,False,2019-01-31
1549065600,1,False,3,False,False,False,False,False,False,2019-02-02
1549152000,1,False,False,False,False,False,False,False,False,2019-02-03
1549238400,1,False,False,False,False,False,False,False,False,2019-02-04
1549324800,False,2,False,False,False,False,False,False,False,2019-02-05
1549584000,False,False,False,False,False,False,False,False,False,2019-02-08
1549670400,False,False,False,False,False,False,False,False,False,2019-02-09
1549843200,False,False,False,False,False,False,False,False,False,2019-02-11
1550016000,1,False,False,False,False,False,False,False,False,2019-02-13
1550361600,1,False,False,False,False,False,False,False,False,2019-02-17
1550534400,False,False,False,False,False,False,False,False,False,2019-02-19
1550707200,False,False,False,False,False,False,False,False,False,2019-02-21
1550793600,False,False,False,False,False,False,False,False,False,2019-02-22
1550880000,False,False,False,False,False,False,False,False,False,2019-02-23
1550966400,False,False,False,False,False,False,False,False,False,2019-02-24
1551052800,False,False,False,False,False,False,False,False,False,2019-02-25
1551139200,False,False,False,False,False,False,False,False,False,2019-02-26
1551225600,False,False,False,False,False,False,False,False,False,2019-02-27
1551657600,False,False,False,False,False,False,False,False,False,2019-03-04
1551744000,False,False,False,False,False,False,False,False,False,2019-03-05
1551830400,False,False,3,False,False,False,False,False,False,2019-03-06
1551916800,1,False,False,False,False,False,False,False,False,2019-03-07
1552003200,1,False,False,False,False,False,False,False,False,2019-03-08
1552089600,False,False,False,False,False,False,False,False,False,2019-03-09
1552176000,False,False,False,False,False,False,False,False,False,2019-03-10
1552348800,False,False,False,False,False,False,False,False,False,2019-03-12
1552608000,False,False,False,False,False,False,False,False,False,2019-03-15
1552780800,False,False,False,False,False,False,False,False,False,2019-03-17
1552867200,1,False,False,False,False,False,False,False,False,2019-03-18
1552953600,1,False,False,False,False,False,False,False,False,2019-03-19
1553040000,1,False,False,False,False,False,False,False,False,2019-03-20
1553126400,False,False,False,False,False,False,False,False,False,2019-03-21
1553212800,False,False,3,False,False,False,False,False,False,2019-03-22
1553558400,1,False,False,False,False,False,False,False,False,2019-03-26
1553644800,False,False,False,False,False,False,False,False,False,2019-03-27
1553731200,1,False,False,False,False,False,False,False,False,2019-03-28
1553904000,1,False,False,False,False,False,False,False,False,2019-03-30
1554163200,1,False,False,False,False,False,False,False,False,2019-04-02
1554249600,1,False,False,False,False,False,False,False,False,2019-04-03
1554336000,1,False,False,False,False,False,False,False,False,2019-04-04
1554681600,False,False,False,False,False,False,False,False,False,2019-04-08
1554768000,1,False,False,False,False,False,False,False,False,2019-04-09
1554854400,False,False,False,False,False,False,False,False,False,2019-04-10
1554940800,1,2,False,False,False,False,False,False,False,2019-04-11
1555027200,False,False,False,False,False,False,False,False,False,2019-04-12
1555113600,False,False,False,False,False,False,False,False,False,2019-04-13
1555459200,False,False,False,False,False,False,False,False,False,2019-04-17
1555545600,False,False,False,False,False,False,False,False,False,2019-04-18
1555632000,False,False,False,False,False,False,False,False,False,2019-04-19
1555718400,False,False,False,False,False,False,False,False,False,2019-04-20
1555891200,False,False,False,False,False,False,False,False,False,2019-04-22
1555977600,False,False,3,False,False,False,False,False,False,2019-04-23
1556064000,False,False,False,False,False,False,False,False,False,2019-04-24
1556236800,False,False,False,False,False,False,False,False,False,2019-04-26
1556323200,False,False,False,False,False,False,False,False,False,2019-04-27
1556409600,1,False,False,False,False,False,False,False,False,2019-04-28
1556496000,False,False,False,False,False,False,False,False,False,2019-04-29
1556582400,False,False,False,False,False,False,False,False,False,2019-04-30
1556668800,False,False,False,False,False,False,False,False,False,2019-05-01
1556841600,False,False,False,False,False,False,False,False,False,2019-05-03
1556928000,1,False,False,False,False,False,False,False,False,2019-05-04
1557014400,False,False,False,False,False,False,False,False,False,2019-05-05
1557100800,False,False,False,False,False,False,False,False,False,2019-05-06
1557273600,False,False,False,False,False,False,False,False,False,2019-05-08
1557446400,False,False,False,False,False,False,False,False,False,2019-05-10
1557532800,1,False,False,False,False,False,False,False,False,2019-05-11
1557619200,False,False,False,False,False,False,False,False,False,2019-05-12
1557705600,False,False,False,False,False,False,False,False,False,2019-05-13
1557792000,1,False,False,False,False,False,False,False,False,2019-05-14
1557878400,False,False,False,False,False,False,False,False,False,2019-05-15
1557964800,False,False,False,False,False,False,False,False,False,2019-05-16
1558051200,False,False,False,False,False,False,False,False,False,2019-05-17
1558137600,False,False,3,False,False,False,False,False,False,2019-05-18
1558224000,False,False,False,False,False,False,False,False,False,2019-05-19
1558310400,False,False,False,False,False,False,False,False,False,2019-05-20
1558396800,False,False,False,False,False,False,False,False,False,2019-05-21
1558483200,False,False,False,False,False,False,False,False,False,2019-05-22
1558569600,1,False,False,False,False,False,False,False,False,2019-05-23
1558828800,False,False,False,False,False,False,False,False,False,2019-05-26
1558915200,False,False,False,False,False,False,False,False,False,2019-05-27
1559001600,1,False,False,False,False,False,False,False,False,2019-05-28
1559088000,False,False,False,False,False,False,False,False,False,2019-05-29
1559174400,False,False,False,False,False,False,False,False,False,2019-05-30
1559260800,False,False,False,False,False,False,False,False,False,2019-05-31
1559347200,False,False,False,False,False,False,False,False,False,2019-06-01
1559433600,False,False,False,False,False,False,False,False,False,2019-06-02
1559520000,False,False,3,False,False,False,False,False,False,2019-06-03
1559606400,False,False,False,False,False,False,False,False,False,2019-06-04
1559692800,False,False,False,False,False,False,False,False,False,2019-06-05
1559865600,False,False,False,False,False,False,False,False,False,2019-06-07
1560038400,1,False,False,False,False,False,False,False,False,2019-06-09
1560124800,False,False,False,False,False,False,False,False,False,2019-06-10
1560211200,False,False,False,False,False,False,False,False,False,2019-06-11
1560297600,1,False,False,False,False,False,False,False,False,2019-06-12
1560384000,False,False,False,False,False,False,False,False,False,2019-06-13
1560470400,1,False,False,False,False,False,False,False,False,2019-06-14
1560556800,False,False,False,False,False,False,False,False,False,2019-06-15
1560643200,False,False,False,False,False,False,False,False,False,2019-06-16
1560729600,False,False,False,False,False,False,False,False,False,2019-06-17
1560816000,False,False,False,False,False,False,False,False,False,2019-06-18
1560902400,False,False,3,False,False,False,False,False,False,2019-06-19
1560988800,False,2,False,False,False,False,False,False,False,2019-06-20
1561248000,False,False,False,False,False,False,False,False,False,2019-06-23
1561334400,False,False,False,False,False,False,False,False,False,2019-06-24
1561420800,False,False,False,False,False,False,False,False,False,2019-06-25
1561507200,False,False,3,False,False,False,False,False,False,2019-06-26
1561593600,False,False,False,False,False,False,False,False,False,2019-06-27
1561680000,False,False,False,False,False,False,False,False,False,2019-06-28
1561852800,False,False,False,False,False,False,False,False,False,2019-06-30
1562025600,False,False,False,False,False,False,False,False,False,2019-07-02
1562112000,False,False,False,False,False,False,False,False,False,2019-07-03
1562198400,False,False,False,False,False,False,False,False,False,2019-07-04
1562284800,False,False,False,False,False,False,False,False,False,2019-07-05
1562371200,1,False,False,False,False,False,False,False,False,2019-07-06
1562544000,False,False,False,False,False,False,False,False,False,2019-07-08
1562630400,False,False,False,False,False,False,False,False,False,2019-07-09
1562716800,False,False,False,False,False,False,False,False,False,2019-07-10
1562803200,1,False,False,False,False,False,False,False,False,2019-07-11
1562889600,False,False,3,False,False,False,False,False,False,2019-07-12
1563062400,False,False,False,False,False,False,False,False,False,2019-07-14
1563148800,False,False,False,False,False,False,False,False,False,2019-07-15
1563235200,False,False,False,False,False,False,False,False,False,2019-07-16
1563321600,False,False,False,False,False,False,False,False,False,2019-07-17
1563494400,False,False,False,False,False,False,False,False,False,2019-07-19
1563667200,False,False,3,False,False,False,False,False,False,2019-07-21
1563753600,1,False,False,False,False,False,False,False,False,2019-07-22
1563840000,False,False,False,False,False,False,False,False,False,2019-07-23
1563926400,False,False,False,False,False,False,False,False,False,2019-07-24
1564012800,False,False,False,False,False,False,False,False,False,2019-07-25
1564099200,False,False,False,False,False,False,False,False,False,2019-07-26
1564185600,False,False,False,False,False,False,False,False,False,2019-07-27
1564272000,False,False,3,False,False,False,False,False,False,2019-07-28
1564358400,False,False,False,False,False,False,False,False,False,2019-07-29
1564444800,False,False,False,False,False,False,False,False,False,2019-07-30
1564531200,False,False,False,False,False,False,False,False,False,2019-07-31
1564617600,False,False,False,False,False,False,False,False,False,2019-08-01
1564876800,False,2,False,False,False,False,False,False,False,2019-08-04
1565049600,False,False,3,False,False,False,False,False,False,2019-08-06
1565136000,False,False,False,False,False,False,False,False,False,2019-08-07
1565222400,False,False,False,False,False,False,False,False,False,2019-08-08
1565654400,False,False,3,False,False,False,False,False,False,2019-08-13
1565740800,1,False,False,False,False,False,False,False,False,2019-08-14
1565913600,False,False,False,False,False,False,False,False,False,2019-08-16
1566172800,False,2,False,False,False,False,False,False,False,2019-08-19
1566259200,False,False,False,False,False,False,False,False,False,2019-08-20
1566345600,False,False,False,False,False,False,False,False,False,2019-08-21
1566432000,False,False,3,False,False,False,False,False,False,2019-08-22
1566518400,False,False,False,False,False,False,False,False,False,2019-08-23
1566604800,False,False,False,False,False,False,False,False,False,2019-08-24
1566777600,False,False,False,False,False,False,False,False,False,2019-08-26
1566864000,1,False,False,False,False,False,False,False,False,2019-08-27
1566950400,False,False,False,False,False,False,False,False,False,2019-08-28
1567123200,1,False,False,False,False,False,False,False,False,2019-08-30
1567209600,False,False,False,False,False,False,False,False,False,2019-08-31
1567296000,False,False,False,False,False,False,False,False,False,2019-09-01
1567382400,False,False,False,False,False,False,False,False,False,2019-09-02
1567468800,False,2,False,False,False,False,False,False,False,2019-09-03
1567555200,1,False,False,False,False,False,False,False,False,2019-09-04
1567728000,False,False,False,False,False,False,False,False,False,2019-09-06
1567814400,False,False,False,False,False,False,False,False,False,2019-09-07
1567900800,False,False,False,False,False,False,False,False,False,2019-09-08
1567987200,False,False,False,False,False,False,False,False,False,2019-09-09
1568073600,1,False,False,False,False,False,False,False,False,2019-09-10
1568160000,False,False,False,False,False,False,False,False,False,2019-09-11
1568332800,False,2,False,False,False,False,False,False,False,2019-09-13
1568592000,False,False,False,False,False,False,False,False,False,2019-09-16
1568678400,False,False,False,False,False,False,False,False,False,2019-09-17
1568764800,False,False,False,False,False,False,False,False,False,2019-09-18
1568851200,False,False,False,False,False,False,False,False,False,2019-09-19
1568937600,False,False,False,False,False,False,False,False,False,2019-09-20
1569110400,False,False,False,False,False,False,False,False,False,2019-09-22
1569196800,False,False,3,False,False,False,False,False,False,2019-09-23
1569283200,False,False,False,False,False,False,False,False,False,2019-09-24
1569369600,False,False,False,False,False,False,False,False,False,2019-09-25
1569456000,False,False,False,False,False,False,False,False,False,2019-09-26
1569542400,False,False,False,False,False,False,False,False,False,2019-09-27
1569628800,False,2,False,False,False,False,False,False,False,2019-09-28
1569715200,False,False,False,False,False,False,False,False,False,2019-09-29
1569801600,False,False,3,False,False,False,False,False,False,2019-09-30
1569888000,False,False,False,False,False,False,False,False,False,2019-10-01
1569974400,1,False,False,False,False,False,False,False,False,2019-10-02
1570060800,False,False,False,False,False,False,False,False,False,2019-10-03
1570147200,False,False,False,False,False,False,False,False,False,2019-10-04
1570233600,False,False,False,False,False,False,False,False,False,2019-10-05
1570320000,False,False,False,False,False,False,False,False,False,2019-10-06
1570406400,False,False,False,4,5,6,False,False,False,2019-10-07
1570492800,False,False,False,4,5,6,False,False,False,2019-10-08
1570579200,False,False,3,4,5,6,False,False,False,2019-10-09
1570665600,False,False,False,4,5,6,False,False,False,2019-10-10
1570752000,False,False,False,4,5,6,False,False,False,2019-10-11
1570838400,False,False,False,4,5,6,False,False,False,2019-10-12
1570924800,False,False,False,4,5,6,False,False,False,2019-10-13
1571011200,False,False,False,4,5,6,False,False,False,2019-10-14
1571097600,False,False,False,4,5,6,False,False,False,2019-10-15
1571184000,False,False,3,4,5,6,False,False,False,2019-10-16
1571270400,1,False,False,4,5,6,False,False,False,2019-10-17
1571356800,False,False,False,4,5,6,False,False,False,2019-10-18
1571443200,1,False,False,4,5,6,False,False,False,2019-10-19
1571529600,False,False,False,4,5,6,False,False,False,2019-10-20
1571616000,False,False,False,4,5,6,False,False,False,2019-10-21
1571702400,False,False,False,4,5,6,False,False,False,2019-10-22
1571788800,False,False,False,4,5,6,False,False,False,2019-10-23
1571875200,False,False,False,4,5,6,False,False,False,2019-10-24
1571961600,False,False,False,4,5,6,False,False,False,2019-10-25
1572048000,False,False,False,4,5,6,False,False,False,2019-10-26
1572134400,False,False,False,4,5,6,False,False,False,2019-10-27
1572220800,False,False,False,4,5,6,False,False,False,2019-10-28
1572307200,False,False,False,4,False,6,False,False,False,2019-10-29
1572393600,False,False,False,4,5,6,False,False,False,2019-10-30
1572480000,False,False,False,4,5,6,False,False,False,2019-10-31
1572566400,False,False,False,4,5,6,False,False,False,2019-11-01
1572652800,False,False,False,4,False,6,False,False,False,2019-11-02
1572739200,False,False,False,4,5,6,False,False,False,2019-11-03
1572825600,False,False,False,4,5,6,False,False,False,2019-11-04
1572912000,False,False,False,4,5,6,False,False,False,2019-11-05
1572998400,False,False,False,4,5,6,False,False,False,2019-11-06
1573084800,False,False,False,4,5,6,False,False,False,2019-11-07
1573171200,False,False,False,4,5,6,False,False,False,2019-11-08
1573257600,False,False,False,4,5,6,False,False,False,2019-11-09
1573344000,False,False,3,4,5,6,False,False,False,2019-11-10
1573430400,False,False,False,4,5,6,False,False,False,2019-11-11
1573516800,False,False,False,4,5,6,False,False,False,2019-11-12
1573603200,1,False,False,4,5,6,False,False,False,2019-11-13
1573689600,False,False,False,4,5,6,False,False,False,2019-11-14
1573776000,False,False,False,4,5,6,False,False,False,2019-11-15
1573862400,False,False,False,4,5,6,False,False,False,2019-11-16
1573948800,False,False,3,4,5,6,False,False,False,2019-11-17
1574035200,False,False,False,4,5,6,False,False,False,2019-11-18
1574121600,1,False,False,4,5,6,False,False,False,2019-11-19
1574208000,False,False,False,4,5,6,False,False,False,2019-11-20
1574294400,False,False,False,4,5,6,False,False,False,2019-11-21
1574380800,False,False,False,4,5,6,False,False,False,2019-11-22
1574467200,False,False,False,4,5,6,False,False,False,2019-11-23
1574553600,False,False,False,4,5,6,False,False,False,2019-11-24
1574640000,False,False,False,4,5,6,False,False,False,2019-11-25
1574726400,False,False,3,4,5,6,False,False,False,2019-11-26
1574812800,False,False,False,4,5,6,False,False,False,2019-11-27
1574899200,False,False,False,4,5,6,False,False,False,2019-11-28
1574985600,False,False,False,4,5,6,False,False,False,2019-11-29
1575072000,False,False,False,4,5,6,False,False,False,2019-11-30
1575158400,False,False,False,4,5,6,False,False,False,2019-12-01
1575244800,False,False,False,4,5,6,False,False,False,2019-12-02
1575331200,False,False,False,4,5,6,False,False,False,2019-12-03
1575417600,False,False,False,4,5,6,False,False,False,2019-12-04
1575504000,False,False,False,4,5,6,False,False,False,2019-12-05
1575590400,False,False,False,4,5,6,False,False,False,2019-12-06
1575676800,False,False,False,4,5,6,False,False,False,2019-12-07
1575763200,False,False,False,4,5,6,False,False,False,2019-12-08
1575849600,False,False,False,4,5,6,False,False,False,2019-12-09
1575936000,False,False,False,4,5,6,False,False,False,2019-12-10
1576022400,False,False,False,4,5,6,False,False,False,2019-12-11
1576108800,False,False,False,4,False,6,False,False,False,2019-12-12
1576195200,False,False,False,4,5,6,False,False,False,2019-12-13
1576281600,False,False,False,4,5,6,False,False,False,2019-12-14
1576368000,False,False,False,4,5,6,False,False,False,2019-12-15
1576454400,False,False,False,4,5,6,False,False,False,2019-12-16
1576540800,False,False,False,4,5,6,False,False,False,2019-12-17
1576627200,False,False,False,4,5,6,False,False,False,2019-12-18
1576713600,False,False,3,4,5,6,False,False,False,2019-12-19
1576800000,False,False,False,4,5,6,False,False,False,2019-12-20
1576886400,1,False,False,4,5,6,False,False,False,2019-12-21
1576972800,False,False,False,4,5,6,False,False,False,2019-12-22
1577059200,False,False,False,4,False,6,False,False,False,2019-12-23
1577145600,False,False,False,4,5,6,False,False,False,2019-12-24
1577232000,False,False,False,4,False,6,False,False,False,2019-12-25
1577318400,False,False,False,False,5,6,False,False,False,2019-12-26
1577404800,False,False,False,False,False,False,False,False,False,2019-12-27
1577491200,False,False,False,False,5,False,False,False,False,2019-12-28
1577577600,False,False,False,False,False,False,False,False,False,2019-12-29
1577664000,False,False,False,False,False,False,False,False,False,2019-12-30
1577750400,False,False,False,False,False,False,False,False,False,2019-12-31
1577836800,False,False,False,False,False,False,False,False,False,2020-01-01
1577923200,False,False,False,4,5,False,False,False,False,2020-01-02
1578009600,False,False,False,4,5,False,False,False,False,2020-01-03
1578096000,False,False,False,False,False,6,False,False,False,2020-01-04
1578182400,False,False,False,4,5,False,False,False,False,2020-01-05
1578268800,1,False,False,False,False,False,False,False,False,2020-01-06
1578355200,False,False,False,4,False,False,False,False,False,2020-01-07
1578441600,False,False,False,4,False,6,False,False,False,2020-01-08
1578528000,False,False,False,4,5,False,False,False,False,2020-01-09
1578614400,1,False,False,False,5,False,False,False,False,2020-01-10
1578700800,False,2,False,False,False,False,False,False,False,2020-01-11
1578787200,False,False,False,False,False,False,False,False,False,2020-01-12
1578873600,False,False,False,False,False,False,False,False,False,2020-01-13
1578960000,False,False,False,False,False,False,False,False,False,2020-01-14
1579046400,1,False,False,False,False,False,False,False,False,2020-01-15
1579132800,False,False,False,4,5,False,False,False,False,2020-01-16
1579219200,False,False,False,4,5,False,False,False,False,2020-01-17
1579305600,False,False,False,4,False,False,False,False,False,2020-01-18
1579392000,False,False,False,4,5,6,False,False,False,2020-01-19
1579478400,False,False,False,4,5,6,False,False,False,2020-01-20
1579564800,False,False,False,4,False,6,False,False,False,2020-01-21
1579651200,False,False,False,4,5,False,False,False,False,2020-01-22
1579737600,False,False,False,4,False,False,False,False,False,2020-01-23
1579824000,1,False,False,4,5,False,False,False,False,2020-01-24
1579910400,False,False,False,4,False,False,False,False,False,2020-01-25
1579996800,False,2,False,4,False,False,False,False,False,2020-01-26
1580083200,False,False,False,4,False,False,False,False,False,2020-01-27
1580169600,False,False,False,4,False,False,False,False,False,2020-01-28
1580256000,False,False,False,4,5,False,False,False,False,2020-01-29
1580342400,False,False,False,4,False,6,False,False,False,2020-01-30
1580428800,1,False,False,4,False,6,False,False,False,2020-01-31
1580515200,False,False,False,4,False,False,False,False,False,2020-02-01
1580601600,False,False,False,4,5,6,False,False,False,2020-02-02
1580688000,1,False,False,4,False,6,False,False,False,2020-02-03
1580774400,False,False,False,4,False,6,False,False,False,2020-02-04
1580860800,1,2,False,4,False,6,False,False,False,2020-02-05
1580947200,1,False,False,4,False,6,False,False,False,2020-02-06
1581033600,False,False,False,4,False,False,False,False,False,2020-02-07
1581120000,False,False,False,4,5,6,False,False,False,2020-02-08
1581206400,False,False,False,4,False,6,False,False,False,2020-02-09
1581292800,False,False,False,4,5,6,False,False,False,2020-02-10
1581379200,False,False,False,4,False,6,False,False,False,2020-02-11
1581465600,False,False,False,4,5,6,False,False,False,2020-02-12
1581552000,False,False,False,4,False,6,False,False,False,2020-02-13
1581638400,False,False,False,4,False,6,False,False,False,2020-02-14
1581724800,False,False,False,4,False,6,False,False,False,2020-02-15
1581811200,1,False,False,4,False,6,False,False,False,2020-02-16
1581897600,False,False,False,4,5,6,False,False,False,2020-02-17
1581984000,False,False,False,4,False,6,False,False,False,2020-02-18
1582070400,False,False,False,4,5,6,False,False,False,2020-02-19
1582156800,False,False,False,4,False,6,False,False,False,2020-02-20
1582243200,False,False,False,4,5,6,False,False,False,2020-02-21
1582329600,False,False,False,4,False,6,False,False,False,2020-02-22
1582416000,False,False,False,4,5,6,False,False,False,2020-02-23
1582502400,False,False,False,4,5,6,False,False,False,2020-02-24
1582588800,False,False,False,4,5,6,False,False,False,2020-02-25
1582675200,False,False,False,4,5,6,False,False,False,2020-02-26
1582761600,False,False,False,4,5,6,False,False,False,2020-02-27
1582848000,False,False,False,4,5,6,False,False,False,2020-02-28
1582934400,1,False,False,4,5,6,False,False,False,2020-02-29
1583020800,1,False,False,4,5,6,False,False,False,2020-03-01
1583107200,False,False,False,4,5,6,False,False,False,2020-03-02
1583193600,1,False,False,4,5,6,False,False,False,2020-03-03
1583280000,1,False,False,4,5,6,False,False,False,2020-03-04
1583366400,False,False,False,4,False,6,False,False,False,2020-03-05
1583452800,False,False,False,4,5,6,False,False,False,2020-03-06
1583539200,1,False,False,4,5,6,False,False,False,2020-03-07
1583625600,1,False,3,4,5,6,False,False,False,2020-03-08
1583712000,False,False,False,4,5,6,False,False,False,2020-03-09
1583798400,False,False,False,4,5,6,False,False,False,2020-03-10
1583884800,False,2,False,4,5,6,False,False,False,2020-03-11
1583971200,1,False,False,4,5,6,False,False,False,2020-03-12
1584057600,False,False,False,4,5,6,False,False,False,2020-03-13
1584144000,False,False,False,4,5,6,False,False,False,2020-03-14
1584230400,False,False,False,4,5,6,False,False,False,2020-03-15
1584316800,1,2,False,4,5,6,False,False,False,2020-03-16
1584403200,False,False,False,4,5,6,False,False,False,2020-03-17
1584489600,False,False,False,4,5,6,False,False,False,2020-03-18
1584576000,False,False,False,4,5,6,False,False,False,2020-03-19
1584662400,1,False,False,4,5,6,False,False,False,2020-03-20
1584748800,False,False,False,4,5,6,False,False,False,2020-03-21
1584835200,1,False,False,4,5,6,False,False,False,2020-03-22
1584921600,False,False,False,4,5,6,False,False,False,2020-03-23
1585008000,False,False,False,4,5,6,False,False,False,2020-03-24
1585094400,False,False,False,4,5,6,False,False,False,2020-03-25
1585180800,False,False,False,4,False,6,False,False,False,2020-03-26
1585267200,False,False,False,4,False,6,False,False,False,2020-03-27
1585353600,False,False,False,4,False,6,False,False,False,2020-03-28
1585440000,False,False,False,4,5,6,False,False,False,2020-03-29
1585526400,False,False,False,False,False,6,False,False,False,2020-03-30
1585612800,False,False,False,4,False,6,False,False,False,2020-03-31
1585699200,False,False,False,4,5,6,False,False,False,2020-04-01
1585785600,False,False,False,4,5,6,False,False,False,2020-04-02
1585872000,False,False,False,False,5,6,False,False,False,2020-04-03
1585958400,False,False,False,False,5,6,False,False,False,2020-04-04
1586044800,False,False,False,False,5,6,False,False,False,2020-04-05
1586131200,False,False,False,False,5,6,False,False,False,2020-04-06
1586217600,1,False,False,False,5,6,False,False,False,2020-04-07
1586304000,False,False,False,False,5,6,False,False,False,2020-04-08
1586390400,False,False,False,4,5,6,False,False,False,2020-04-09
1586476800,False,False,False,4,5,False,False,False,False,2020-04-10
1586563200,False,False,False,4,5,6,False,False,False,2020-04-11
1586649600,False,False,False,False,5,6,False,False,False,2020-04-12
1586736000,1,False,False,False,5,6,False,False,False,2020-04-13
1586822400,1,False,False,False,5,False,False,False,False,2020-04-14
1586908800,1,False,False,False,5,False,False,False,False,2020-04-15
1586995200,False,False,False,False,5,6,False,False,False,2020-04-16
1587081600,False,False,False,False,5,False,False,False,False,2020-04-17
1587168000,1,False,3,False,5,False,False,False,False,2020-04-18
1587254400,False,False,False,False,5,False,False,False,False,2020-04-19
1587340800,1,False,False,False,5,False,False,False,False,2020-04-20
1587427200,False,False,False,False,5,False,False,False,False,2020-04-21
1587513600,False,False,False,False,5,False,False,False,False,2020-04-22
1587600000,False,False,False,False,5,False,False,False,False,2020-04-23
1587686400,False,False,False,False,False,False,False,False,False,2020-04-24
1587772800,False,False,False,False,5,False,False,False,False,2020-04-25
1587859200,1,False,False,False,False,False,False,False,False,2020-04-26
1587945600,1,False,False,False,False,False,False,False,False,2020-04-27
1588032000,False,False,False,False,False,False,False,False,False,2020-04-28
1588204800,False,False,False,False,False,False,False,False,False,2020-04-30
1588291200,False,False,False,False,False,False,False,False,False,2020-05-01
1588377600,False,False,False,False,False,False,False,False,False,2020-05-02
1588464000,False,False,False,False,False,False,False,False,False,2020-05-03
1588550400,1,False,3,False,False,False,False,False,False,2020-05-04
1588809600,False,False,False,False,False,False,False,False,False,2020-05-07
1588896000,False,False,False,False,False,False,False,False,False,2020-05-08
1589068800,False,False,False,False,False,False,False,False,False,2020-05-10
1589155200,1,False,False,False,False,False,False,False,False,2020-05-11
1589241600,False,False,False,False,False,False,False,False,False,2020-05-12
1589328000,1,False,False,False,False,False,False,False,False,2020-05-13
1589414400,False,False,False,False,False,False,False,False,False,2020-05-14
1589587200,False,False,False,False,False,False,False,False,False,2020-05-16
1589673600,False,False,False,False,False,False,False,False,False,2020-05-17
1589760000,False,False,False,False,False,False,False,False,False,2020-05-18
1589846400,False,False,False,False,False,False,False,False,False,2020-05-19
1589932800,False,False,3,False,False,False,False,False,False,2020-05-20
1590019200,False,False,False,False,False,False,False,False,False,2020-05-21
1590105600,False,False,False,False,False,False,False,False,False,2020-05-22
1590278400,False,False,False,False,False,False,False,False,False,2020-05-24
1590364800,False,False,False,False,False,False,False,False,False,2020-05-25
1590451200,False,False,False,False,False,False,False,False,False,2020-05-26
1590537600,False,False,3,False,False,False,False,False,False,2020-05-27
1590624000,False,False,False,False,False,False,False,False,False,2020-05-28
1590710400,1,False,False,False,False,False,False,False,False,2020-05-29
1590796800,False,False,False,False,False,False,False,False,False,2020-05-30
1590883200,False,False,False,False,False,False,False,False,False,2020-05-31
1590969600,False,False,False,False,False,False,False,False,False,2020-06-01
1591142400,False,False,False,False,False,False,False,False,False,2020-06-03
1591228800,False,False,False,False,False,False,False,False,False,2020-06-04
1591315200,False,False,3,False,False,False,False,False,False,2020-06-05
1591401600,False,False,False,False,False,False,False,False,False,2020-06-06
1591488000,False,False,False,False,False,False,False,False,False,2020-06-07
1591574400,False,False,False,False,False,False,False,False,False,2020-06-08
1591660800,False,False,False,False,False,False,False,False,False,2020-06-09
1591747200,False,False,False,False,False,False,False,False,False,2020-06-10
1591833600,False,False,False,False,False,False,False,False,False,2020-06-11
1591920000,False,False,3,False,False,False,False,False,False,2020-06-12
1592006400,False,False,False,False,False,False,False,False,False,2020-06-13
1592092800,False,2,False,False,False,False,False,False,False,2020-06-14
1592265600,False,False,False,False,False,False,False,False,False,2020-06-16
1592352000,False,False,False,False,False,False,False,False,False,2020-06-17
1592438400,False,False,False,False,False,False,False,False,False,2020-06-18
1592697600,False,False,3,False,False,False,False,False,False,2020-06-21
1592784000,False,False,False,False,False,False,False,False,False,2020-06-22
1592870400,False,False,False,False,False,False,False,False,False,2020-06-23
1593043200,False,False,False,False,False,False,False,False,False,2020-06-25
1593129600,False,False,False,False,False,False,False,False,False,2020-06-26
1593648000,False,False,False,False,False,False,False,False,False,2020-07-02
1593734400,False,False,False,False,False,False,False,False,False,2020-07-03
1593820800,False,False,False,False,False,False,False,False,False,2020-07-04
1594252800,False,False,False,False,False,False,False,False,False,2020-07-09
1594598400,1,False,False,False,False,False,False,False,False,2020-07-13
1594684800,1,2,False,False,False,False,False,False,False,2020-07-14
1594771200,False,False,False,False,False,False,False,False,False,2020-07-15
1594857600,False,False,False,False,False,False,False,False,False,2020-07-16
1594944000,False,False,False,False,False,False,False,False,False,2020-07-17
1595030400,False,False,False,False,False,False,False,False,False,2020-07-18
1595116800,False,False,False,False,False,False,False,False,False,2020-07-19
1595203200,1,False,False,False,False,False,False,False,False,2020-07-20
1595289600,False,False,False,False,False,False,False,False,False,2020-07-21
1595376000,1,False,False,False,False,False,False,False,False,2020-07-22
1595462400,1,False,3,False,False,False,False,False,False,2020-07-23
1595548800,False,False,False,False,False,False,False,False,False,2020-07-24
1595635200,1,False,False,False,False,False,False,False,False,2020-07-25
1595721600,False,False,False,False,False,False,False,False,False,2020-07-26
1595808000,False,False,False,False,False,False,False,False,False,2020-07-27
1595980800,1,False,False,False,False,False,False,False,False,2020-07-29
1596067200,False,False,3,False,False,False,False,False,False,2020-07-30
1596153600,False,False,False,False,False,False,False,False,False,2020-07-31
1596240000,1,False,False,False,False,False,False,False,False,2020-08-01
1596326400,False,False,False,False,False,False,False,False,False,2020-08-02
1596412800,False,2,False,False,False,False,False,False,False,2020-08-03
1596758400,False,False,False,False,False,False,False,False,False,2020-08-07
1596844800,False,False,3,False,False,False,False,False,False,2020-08-08
1596931200,False,False,False,False,False,False,False,False,False,2020-08-09
1597104000,False,False,False,False,False,False,False,False,False,2020-08-11
1597190400,False,False,False,False,False,False,False,False,False,2020-08-12
1597276800,False,2,False,False,False,False,False,False,False,2020-08-13
1597363200,1,False,False,False,False,False,False,False,False,2020-08-14
1597536000,False,False,False,False,False,False,False,False,False,2020-08-16
1597622400,False,False,False,False,False,False,False,False,False,2020-08-17
1597708800,False,False,False,False,False,False,False,False,False,2020-08-18
1597795200,False,False,False,False,False,False,False,False,False,2020-08-19
1597881600,False,False,False,False,False,False,False,False,False,2020-08-20
1597968000,False,False,False,False,False,False,False,False,False,2020-08-21
1598140800,False,2,False,False,False,False,False,False,False,2020-08-23
1598227200,False,False,3,False,False,False,False,False,False,2020-08-24
1598313600,False,False,False,False,False,False,False,False,False,2020-08-25
1598400000,False,False,False,False,False,False,False,False,False,2020-08-26
1598572800,False,2,False,False,False,False,False,False,False,2020-08-28
1598659200,False,False,False,False,False,False,False,False,False,2020-08-29
1598745600,False,False,False,False,False,False,False,False,False,2020-08-30
1598832000,False,False,3,False,False,False,False,False,False,2020-08-31
1598918400,False,False,False,False,False,False,False,False,False,2020-09-01
1599004800,False,False,False,False,False,False,False,False,False,2020-09-02
1599091200,False,False,False,False,False,False,False,False,False,2020-09-03
1599177600,False,False,False,False,False,False,False,False,False,2020-09-04
1599264000,False,False,False,False,False,False,False,False,False,2020-09-05
1599350400,False,False,False,False,False,False,False,False,False,2020-09-06
1599436800,False,False,False,False,False,False,False,False,False,2020-09-07
1599609600,False,False,3,False,False,False,False,False,False,2020-09-09
1599696000,False,False,False,False,False,False,False,False,False,2020-09-10
1599868800,False,False,False,False,False,False,False,False,False,2020-09-12
1599955200,False,False,False,False,False,False,False,False,False,2020-09-13
1600041600,False,False,False,False,False,False,False,False,False,2020-09-14
1600128000,False,False,False,False,False,False,False,False,False,2020-09-15
1600214400,False,False,3,False,False,False,False,False,False,2020-09-16
1600300800,False,False,False,False,False,False,False,False,False,2020-09-17
1600387200,False,False,False,False,False,False,False,False,False,2020-09-18
1600473600,1,False,False,False,False,False,False,False,False,2020-09-19
1600560000,1,False,False,False,False,False,False,False,False,2020-09-20
1600646400,False,False,False,False,False,False,False,False,False,2020-09-21
1600732800,False,False,False,False,False,False,False,False,False,2020-09-22
1600905600,False,False,False,False,False,False,False,False,False,2020-09-24
1600992000,False,False,3,False,False,False,False,False,False,2020-09-25
1601078400,False,False,False,False,False,False,False,False,False,2020-09-26
1601164800,False,False,False,False,False,False,False,False,False,2020-09-27
1601251200,1,False,False,False,False,False,False,False,False,2020-09-28
1601337600,False,False,False,False,False,False,False,False,False,2020-09-29
1601510400,1,False,False,False,False,False,False,False,False,2020-10-01
1601596800,False,2,3,False,False,False,False,False,False,2020-10-02
1601683200,False,False,False,False,False,False,False,False,False,2020-10-03
1601856000,False,False,False,False,False,False,False,False,False,2020-10-05
1601942400,False,False,False,False,False,False,False,False,False,2020-10-06
1602028800,False,False,False,False,False,False,False,False,False,2020-10-07
1602115200,1,False,False,False,False,False,False,False,False,2020-10-08
1602201600,False,False,False,False,False,False,False,False,False,2020-10-09
1602288000,False,False,False,False,False,False,4,5,6,2020-10-10
1602374400,False,False,3,False,False,False,4,5,6,2020-10-11
1602460800,False,False,False,False,False,False,4,5,6,2020-10-12
1602547200,False,False,False,False,False,False,4,False,6,2020-10-13
1602633600,1,False,False,False,False,False,4,5,6,2020-10-14
1602720000,False,False,False,False,False,False,4,5,6,2020-10-15
1602806400,False,False,False,False,False,False,4,5,6,2020-10-16
1602892800,False,False,False,False,False,False,4,5,6,2020-10-17
1602979200,False,False,3,False,False,False,4,5,6,2020-10-18
1603065600,1,False,False,False,False,False,4,5,6,2020-10-19
1603152000,False,False,False,False,False,False,4,5,6,2020-10-20
1603238400,1,False,False,False,False,False,4,5,6,2020-10-21
1603324800,False,2,False,False,False,False,4,5,6,2020-10-22
1603411200,False,False,False,False,False,False,4,5,6,2020-10-23
1603497600,False,False,False,False,False,False,4,5,6,2020-10-24
1603584000,False,False,False,False,False,False,4,5,6,2020-10-25
1603670400,1,False,False,False,False,False,4,5,6,2020-10-26
1603756800,False,2,3,False,False,False,4,5,6,2020-10-27
1603843200,False,False,False,False,False,False,4,5,6,2020-10-28
1603929600,False,False,False,False,False,False,4,5,6,2020-10-29
1604016000,1,False,False,False,False,False,4,5,6,2020-10-30
1604102400,False,False,False,False,False,False,4,5,6,2020-10-31
1604188800,False,False,False,False,False,False,4,5,6,2020-11-01
1604275200,False,False,False,False,False,False,4,5,6,2020-11-02
1604361600,False,False,False,False,False,False,4,5,6,2020-11-03
1604448000,False,False,False,False,False,False,False,5,6,2020-11-04
1604534400,False,False,False,False,False,False,4,False,False,2020-11-05
1604620800,False,False,False,False,False,False,4,False,False,2020-11-06
1604707200,False,False,False,False,False,False,4,False,False,2020-11-07
1604793600,False,False,False,False,False,False,4,5,6,2020-11-08
1604880000,False,False,False,False,False,False,4,False,False,2020-11-09
1604966400,False,False,False,False,False,False,4,False,False,2020-11-10
1605052800,False,False,False,False,False,False,4,False,False,2020-11-11
1605139200,False,False,False,False,False,False,4,5,False,2020-11-12
1605225600,False,False,False,False,False,False,4,False,False,2020-11-13
1605312000,False,False,False,False,False,False,4,False,False,2020-11-14
1605398400,False,False,False,False,False,False,4,5,False,2020-11-15
1605484800,False,False,False,False,False,False,4,False,False,2020-11-16
1605571200,False,False,False,False,False,False,4,False,False,2020-11-17
1605657600,False,False,False,False,False,False,4,False,False,2020-11-18
1605744000,False,False,3,False,False,False,4,False,False,2020-11-19
1605830400,False,False,False,False,False,False,False,5,6,2020-11-20
1605916800,1,False,False,False,False,False,False,False,6,2020-11-21
1606003200,False,False,False,False,False,False,4,False,False,2020-11-22
1606089600,False,False,False,False,False,False,4,False,False,2020-11-23
1606176000,False,False,False,False,False,False,4,False,False,2020-11-24
1606262400,False,False,False,False,False,False,4,False,False,2020-11-25
1606348800,False,False,False,False,False,False,False,5,6,2020-11-26
1606435200,False,False,False,False,False,False,False,False,False,2020-11-27
1606521600,False,False,False,False,False,False,False,False,False,2020-11-28
1606608000,False,False,False,False,False,False,4,False,False,2020-11-29
1606694400,1,False,False,False,False,False,False,False,False,2020-11-30
1606780800,False,False,False,False,False,False,False,False,6,2020-12-01
1606867200,False,False,False,False,False,False,False,False,6,2020-12-02
1606953600,1,False,False,False,False,False,False,False,6,2020-12-03
1607040000,False,False,False,False,False,False,False,False,6,2020-12-04
1607126400,False,False,False,False,False,False,4,False,6,2020-12-05
1607212800,False,False,False,False,False,False,False,False,6,2020-12-06
1607299200,False,False,False,False,False,False,4,False,6,2020-12-07
1607385600,1,False,False,False,False,False,4,False,6,2020-12-08
1607472000,False,False,False,False,False,False,4,False,6,2020-12-09
1607558400,1,False,False,False,False,False,4,False,6,2020-12-10
1607644800,False,2,False,False,False,False,4,False,6,2020-12-11
1607731200,False,False,False,False,False,False,4,False,6,2020-12-12
1607817600,False,False,False,False,False,False,4,False,6,2020-12-13
1607904000,False,False,False,False,False,False,4,5,6,2020-12-14
1607990400,False,False,False,False,False,False,4,False,6,2020-12-15
1608076800,False,False,False,False,False,False,4,5,6,2020-12-16
1608163200,False,False,False,False,False,False,4,False,6,2020-12-17
1608249600,1,False,False,False,False,False,4,5,6,2020-12-18
1608336000,1,False,False,False,False,False,4,5,6,2020-12-19
1608422400,False,False,False,False,False,False,4,False,6,2020-12-20
1608508800,1,2,3,False,False,False,4,False,6,2020-12-21
1608595200,1,False,False,False,False,False,4,False,6,2020-12-22
1608681600,False,False,False,False,False,False,4,False,6,2020-12-23
1608768000,False,False,False,False,False,False,4,5,6,2020-12-24
1608854400,1,False,False,False,False,False,4,False,6,2020-12-25
1608940800,1,2,False,False,False,False,4,False,6,2020-12-26
1609027200,1,False,False,False,False,False,4,False,6,2020-12-27
1609113600,1,False,False,False,False,False,4,False,6,2020-12-28
1609200000,1,False,False,False,False,False,4,False,6,2020-12-29
1609286400,1,False,3,False,False,False,4,False,6,2020-12-30
1609372800,False,2,False,False,False,False,4,False,6,2020-12-31
1609459200,1,False,False,False,False,False,4,False,6,2021-01-01
1609545600,False,False,False,False,False,False,4,False,6,2021-01-02
1609632000,1,False,False,False,False,False,4,False,6,2021-01-03
1609718400,1,False,False,False,False,False,4,False,6,2021-01-04
1609804800,False,False,False,False,False,False,4,False,6,2021-01-05
1609891200,False,False,False,False,False,False,4,False,6,2021-01-06
1609977600,False,False,False,False,False,False,4,False,6,2021-01-07
1610064000,1,False,False,False,False,False,4,False,6,2021-01-08
1610150400,1,False,False,False,False,False,4,False,6,2021-01-09
1610236800,1,2,False,False,False,False,4,False,6,2021-01-10
1610323200,False,False,False,False,False,False,4,False,6,2021-01-11
1610409600,1,False,False,False,False,False,4,False,6,2021-01-12
1610496000,False,False,False,False,False,False,4,False,6,2021-01-13
1610582400,False,False,False,False,False,False,4,5,6,2021-01-14
1610668800,False,False,False,False,False,False,4,5,6,2021-01-15
1610755200,False,False,False,False,False,False,4,5,6,2021-01-16
1610841600,False,False,False,False,False,False,4,False,6,2021-01-17
1610928000,False,False,False,False,False,False,4,5,6,2021-01-18
1611014400,False,False,False,False,False,False,4,5,6,2021-01-19
1611100800,False,False,False,False,False,False,4,False,6,2021-01-20
1611187200,False,False,False,False,False,False,4,5,6,2021-01-21
1611273600,1,False,False,False,False,False,4,5,6,2021-01-22
1611360000,False,False,False,False,False,False,4,5,6,2021-01-23
1611446400,1,False,False,False,False,False,4,5,6,2021-01-24
1611532800,1,False,False,False,False,False,4,5,6,2021-01-25
1611619200,False,False,False,False,False,False,4,5,6,2021-01-26
1611705600,False,False,False,False,False,False,4,5,6,2021-01-27
1611792000,False,False,False,False,False,False,4,5,6,2021-01-28
1611878400,False,False,False,False,False,False,4,5,6,2021-01-29
1611964800,False,False,False,False,False,False,4,5,6,2021-01-30
1612051200,False,False,False,False,False,False,4,5,6,2021-01-31
1612137600,False,False,False,False,False,False,4,5,6,2021-02-01
1612224000,False,False,False,False,False,False,4,5,6,2021-02-02
1612310400,False,False,False,False,False,False,4,5,6,2021-02-03
1612396800,False,False,False,False,False,False,4,5,6,2021-02-04
1612483200,False,False,False,False,False,False,4,5,6,2021-02-05
1612569600,False,False,False,False,False,False,4,5,6,2021-02-06
1612656000,False,False,False,False,False,False,4,5,6,2021-02-07
1612742400,False,False,False,False,False,False,4,5,6,2021-02-08
1612828800,1,2,False,False,False,False,4,5,6,2021-02-09
1612915200,1,False,False,False,False,False,4,5,6,2021-02-10
1613001600,1,False,False,False,False,False,4,5,6,2021-02-11
1613088000,1,False,False,False,False,False,4,5,6,2021-02-12
1613174400,1,False,False,False,False,False,4,5,6,2021-02-13
1613260800,1,2,False,False,False,False,4,5,6,2021-02-14
1613347200,False,False,False,False,False,False,4,5,6,2021-02-15
1613433600,False,False,3,False,False,False,4,5,6,2021-02-16
1613520000,False,False,False,False,False,False,4,5,6,2021-02-17
1613606400,False,False,False,False,False,False,4,5,6,2021-02-18
1613692800,False,False,False,False,False,False,False,False,6,2021-02-19
1613779200,False,False,False,False,False,False,4,5,6,2021-02-20
1613865600,1,False,False,False,False,False,4,5,6,2021-02-21
1613952000,1,False,False,False,False,False,4,5,6,2021-02-22
1614038400,1,False,False,False,False,False,4,5,6,2021-02-23
1614124800,1,2,False,False,False,False,4,5,6,2021-02-24
1614211200,False,False,False,False,False,False,4,5,6,2021-02-25
1614297600,False,False,False,False,False,False,4,5,6,2021-02-26
1614384000,1,False,False,False,False,False,4,5,6,2021-02-27
1614470400,1,False,False,False,False,False,4,5,6,2021-02-28
1614556800,False,False,False,False,False,False,4,5,6,2021-03-01
1614643200,False,False,False,False,False,False,4,5,6,2021-03-02
1614729600,1,False,False,False,False,False,4,5,6,2021-03-03
1614816000,False,False,False,False,False,False,4,5,6,2021-03-04
1614902400,1,False,False,False,False,False,4,5,6,2021-03-05
1614988800,1,2,False,False,False,False,4,5,6,2021-03-06
1615075200,False,False,False,False,False,False,4,5,6,2021-03-07
1615161600,False,False,False,False,False,False,4,5,6,2021-03-08
1615248000,False,False,False,False,False,False,4,5,6,2021-03-09
1615334400,False,False,False,False,False,False,4,5,6,2021-03-10
1615420800,False,False,False,False,False,False,4,5,6,2021-03-11
1615507200,1,False,False,False,False,False,4,5,6,2021-03-12
1615593600,1,False,False,False,False,False,4,5,6,2021-03-13
1615680000,False,False,False,False,False,False,4,5,6,2021-03-14
1615766400,False,False,False,False,False,False,4,5,6,2021-03-15
1615852800,False,2,False,False,False,False,4,5,6,2021-03-16
1615939200,1,False,False,False,False,False,4,5,6,2021-03-17
1616025600,False,False,False,False,False,False,4,5,6,2021-03-18
1616112000,False,False,False,False,False,False,4,5,6,2021-03-19
1616198400,False,False,False,False,False,False,4,5,6,2021-03-20
1616284800,False,2,False,False,False,False,4,5,6,2021-03-21
1616371200,False,False,False,False,False,False,4,False,6,2021-03-22
1616457600,False,False,False,False,False,False,4,False,False,2021-03-23
1616544000,False,False,False,False,False,False,4,5,6,2021-03-24
1616630400,False,False,False,False,False,False,4,5,6,2021-03-25
1616716800,False,False,False,False,False,False,4,5,False,2021-03-26
1616803200,1,False,False,False,False,False,4,5,6,2021-03-27
1616889600,False,False,False,False,False,False,4,5,6,2021-03-28
1616976000,False,False,False,False,False,False,False,5,6,2021-03-29
1617062400,False,False,False,False,False,False,False,5,6,2021-03-30
1617148800,False,False,False,False,False,False,False,5,False,2021-03-31
1617235200,False,False,False,False,False,False,False,5,False,2021-04-01
1617321600,False,False,False,False,False,False,False,5,6,2021-04-02
1617408000,False,False,False,False,False,False,False,5,False,2021-04-03
1617494400,False,False,False,False,False,False,False,5,False,2021-04-04
1617580800,False,False,3,False,False,False,4,5,False,2021-04-05
1617667200,False,False,False,False,False,False,4,5,False,2021-04-06
1617753600,False,False,False,False,False,False,4,5,False,2021-04-07
1617840000,False,False,False,False,False,False,4,5,False,2021-04-08
1617926400,False,False,False,False,False,False,4,5,False,2021-04-09
1618012800,False,False,False,False,False,False,4,5,False,2021-04-10
1618099200,False,False,False,False,False,False,4,5,False,2021-04-11
1618185600,False,False,False,False,False,False,4,5,False,2021-04-12
1618272000,False,False,False,False,False,False,4,5,False,2021-04-13
1618358400,1,False,False,False,False,False,4,5,False,2021-04-14
1618444800,False,False,False,False,False,False,4,False,6,2021-04-15
1618531200,False,False,False,False,False,False,4,5,False,2021-04-16
1618617600,False,False,False,False,False,False,4,5,False,2021-04-17
1618704000,False,False,False,False,False,False,4,False,6,2021-04-18
1618790400,False,False,False,False,False,False,4,5,False,2021-04-19
1618876800,False,False,False,False,False,False,4,5,False,2021-04-20
1618963200,False,False,3,False,False,False,4,5,False,2021-04-21
1619049600,False,False,False,False,False,False,4,5,False,2021-04-22
1619136000,False,False,False,False,False,False,4,5,False,2021-04-23
1619222400,False,False,False,False,False,False,4,5,False,2021-04-24
1619308800,False,False,False,False,False,False,4,5,False,2021-04-25
1619395200,False,False,False,False,False,False,4,5,False,2021-04-26
1619481600,False,False,False,False,False,False,4,5,False,2021-04-27
1619568000,False,False,False,False,False,False,4,5,False,2021-04-28
1619654400,False,False,False,False,False,False,4,5,False,2021-04-29
1619740800,False,False,False,False,False,False,4,5,False,2021-04-30
1619827200,False,False,False,False,False,False,4,5,False,2021-05-01
1619913600,False,False,False,False,False,False,4,5,False,2021-05-02
1620000000,False,False,False,False,False,False,4,5,False,2021-05-03
1620086400,False,False,False,False,False,False,4,5,False,2021-05-04
1620172800,False,False,False,False,False,False,4,5,False,2021-05-05
1620259200,False,False,False,False,False,False,False,5,False,2021-05-06
1620345600,False,False,False,False,False,False,4,5,False,2021-05-07
1620432000,False,False,False,False,False,False,4,5,False,2021-05-08
1620518400,False,False,False,False,False,False,4,False,False,2021-05-09
1620604800,False,False,False,False,False,False,4,5,False,2021-05-10
1620691200,False,False,False,False,False,False,4,5,False,2021-05-11
1620777600,False,False,False,False,False,False,4,5,False,2021-05-12
1620864000,1,False,False,False,False,False,4,False,False,2021-05-13
1620950400,False,False,False,False,False,False,4,5,False,2021-05-14
1621036800,False,False,False,False,False,False,4,5,False,2021-05-15
1621123200,False,False,False,False,False,False,4,5,False,2021-05-16
1621209600,False,False,False,False,False,False,False,False,False,2021-05-17
1621296000,False,False,False,False,False,False,4,5,False,2021-05-18
1621382400,False,False,False,False,False,False,4,5,False,2021-05-19
1621468800,False,False,False,False,False,False,4,False,False,2021-05-20
1621555200,False,False,False,False,False,False,4,False,False,2021-05-21
1621641600,False,False,False,False,False,False,4,False,False,2021-05-22
1621728000,1,False,False,False,False,False,4,5,False,2021-05-23
1621814400,False,False,False,False,False,False,4,5,False,2021-05-24
1621900800,False,False,False,False,False,False,4,False,False,2021-05-25
1621987200,False,False,False,False,False,False,4,False,False,2021-05-26
1622073600,False,False,False,False,False,False,4,5,False,2021-05-27
1622160000,False,False,False,False,False,False,4,False,False,2021-05-28
1622246400,1,False,False,False,False,False,4,False,False,2021-05-29
1622332800,False,False,False,False,False,False,4,False,False,2021-05-30
1622419200,False,False,False,False,False,False,4,False,False,2021-05-31
1622505600,False,False,False,False,False,False,4,False,False,2021-06-01
1622592000,False,False,False,False,False,False,4,False,False,2021-06-02
1622678400,False,False,False,False,False,False,4,False,False,2021-06-03
1622764800,False,False,False,False,False,False,4,False,False,2021-06-04
1622851200,False,False,False,False,False,False,4,False,False,2021-06-05
1622937600,False,False,False,False,False,False,4,False,False,2021-06-06
1623024000,False,False,False,False,False,False,4,False,False,2021-06-07
1623110400,False,False,False,False,False,False,4,False,False,2021-06-08
1623196800,1,False,False,False,False,False,4,False,False,2021-06-09
1623283200,False,False,False,False,False,False,4,False,False,2021-06-10
1623369600,False,False,False,False,False,False,4,False,False,2021-06-11
1623456000,False,False,False,False,False,False,4,False,False,2021-06-12
1623542400,False,False,False,False,False,False,4,False,False,2021-06-13
1623628800,1,False,False,False,False,False,4,False,False,2021-06-14
1623715200,False,False,False,False,False,False,4,False,False,2021-06-15
1623801600,False,False,False,False,False,False,4,False,False,2021-06-16
1623888000,False,False,False,False,False,False,4,False,False,2021-06-17
1623974400,False,False,False,False,False,False,4,False,False,2021-06-18
1624060800,False,False,False,False,False,False,4,False,False,2021-06-19
1624147200,False,False,False,False,False,False,False,False,False,2021-06-20
1624233600,False,False,False,False,False,False,False,False,False,2021-06-21
1624320000,False,False,False,False,False,False,4,False,False,2021-06-22
1624406400,False,False,False,False,False,False,False,False,False,2021-06-23
1624492800,False,False,False,False,False,False,False,False,False,2021-06-24
1624579200,False,False,False,False,False,False,False,False,False,2021-06-25
1624665600,False,False,False,False,False,False,False,False,False,2021-06-26
1624752000,False,False,False,False,False,False,False,False,False,2021-06-27
1624838400,False,False,False,False,False,False,False,False,False,2021-06-28
1624924800,False,False,False,False,False,False,False,False,False,2021-06-29
1625011200,False,False,False,False,False,False,False,False,False,2021-06-30
1625097600,False,False,False,False,False,False,False,False,False,2021-07-01
1625184000,False,False,False,False,False,False,False,False,False,2021-07-02
1625270400,False,False,False,False,False,False,False,False,False,2021-07-03
1625356800,False,False,False,False,False,False,False,False,False,2021-07-04
1625443200,False,False,False,False,False,False,False,False,False,2021-07-05
1625529600,False,False,False,False,False,False,False,False,False,2021-07-06
1625616000,False,False,False,False,False,False,False,False,False,2021-07-07
1625702400,False,False,False,False,False,False,False,False,False,2021-07-08
1625788800,False,False,False,False,False,False,False,False,False,2021-07-09
1625875200,False,False,False,False,False,False,4,False,False,2021-07-10
1625961600,1,False,False,False,False,False,False,False,False,2021-07-11
1626048000,False,False,False,False,False,False,False,False,6,2021-07-12
1626134400,1,False,False,False,False,False,False,False,False,2021-07-13
1626220800,1,False,False,False,False,False,False,False,6,2021-07-14
1626307200,False,False,False,False,False,False,4,False,False,2021-07-15
1626393600,False,False,False,False,False,False,False,False,6,2021-07-16
1626480000,False,False,False,False,False,False,False,False,6,2021-07-17
1626566400,False,False,False,False,False,False,4,False,6,2021-07-18
1626652800,False,False,False,False,False,False,False,False,6,2021-07-19
1626739200,1,False,False,False,False,False,False,False,6,2021-07-20
1626825600,False,False,False,False,False,False,4,5,6,2021-07-21
1626912000,False,False,False,False,False,False,False,False,6,2021-07-22
1626998400,False,False,False,False,False,False,False,False,6,2021-07-23
1627084800,False,False,False,False,False,False,4,False,6,2021-07-24
1627171200,False,False,False,False,False,False,4,False,6,2021-07-25
1627257600,False,False,False,False,False,False,False,False,6,2021-07-26
1627344000,False,False,False,False,False,False,4,False,6,2021-07-27
1627430400,False,False,False,False,False,False,False,False,6,2021-07-28
1627516800,False,False,False,False,False,False,False,False,6,2021-07-29
1627603200,False,False,False,False,False,False,4,5,6,2021-07-30
1627689600,False,False,False,False,False,False,False,False,6,2021-07-31
1627776000,False,False,False,False,False,False,False,5,6,2021-08-01
1627862400,False,False,False,False,False,False,False,5,6,2021-08-02
1627948800,False,False,False,False,False,False,False,5,6,2021-08-03
1628035200,False,False,False,False,False,False,False,5,6,2021-08-04
1628121600,1,False,False,False,False,False,False,5,6,2021-08-05
1628208000,False,False,False,False,False,False,False,5,6,2021-08-06
1628294400,False,False,False,False,False,False,False,5,6,2021-08-07
1628380800,False,False,False,False,False,False,4,5,6,2021-08-08
1628467200,False,False,False,False,False,False,False,5,6,2021-08-09
1628553600,False,False,False,False,False,False,False,5,6,2021-08-10
1628640000,False,False,False,False,False,False,False,5,6,2021-08-11
1628726400,False,False,False,False,False,False,False,5,6,2021-08-12
1628812800,False,False,False,False,False,False,False,5,6,2021-08-13
1628899200,False,False,False,False,False,False,False,5,6,2021-08-14
1628985600,False,False,False,False,False,False,False,5,6,2021-08-15
1629072000,False,False,False,False,False,False,False,5,6,2021-08-16
1629158400,False,False,False,False,False,False,False,5,6,2021-08-17
1629244800,False,False,False,False,False,False,False,5,6,2021-08-18
1629331200,False,False,False,False,False,False,4,5,6,2021-08-19
1629417600,False,False,False,False,False,False,4,5,6,2021-08-20
1629504000,False,False,False,False,False,False,4,5,6,2021-08-21
1629590400,False,False,False,False,False,False,4,5,6,2021-08-22
1629676800,False,False,False,False,False,False,False,5,6,2021-08-23
1629763200,False,False,False,False,False,False,False,5,6,2021-08-24
1629849600,False,False,False,False,False,False,4,5,6,2021-08-25
1629936000,False,False,False,False,False,False,4,5,6,2021-08-26
1630022400,False,False,False,False,False,False,4,5,6,2021-08-27
1630108800,False,False,False,False,False,False,4,5,6,2021-08-28
1630195200,1,False,False,False,False,False,4,5,6,2021-08-29
1630281600,False,False,False,False,False,False,False,5,6,2021-08-30
1630368000,False,False,False,False,False,False,False,5,6,2021-08-31
1630454400,False,False,False,False,False,False,4,5,6,2021-09-01
1630540800,False,False,False,False,False,False,False,False,False,2021-09-02
1630627200,False,False,False,False,False,False,4,5,6,2021-09-03
1630713600,False,False,False,False,False,False,4,5,6,2021-09-04
1630800000,False,False,False,False,False,False,4,5,6,2021-09-05
1630886400,1,False,False,False,False,False,4,5,6,2021-09-06
1630972800,False,False,False,False,False,False,4,5,6,2021-09-07
1631059200,False,False,False,False,False,False,4,5,6,2021-09-08
1631145600,1,False,False,False,False,False,4,5,6,2021-09-09
1631232000,False,False,False,False,False,False,4,5,6,2021-09-10
1631318400,False,False,False,False,False,False,4,5,6,2021-09-11
1631404800,False,False,False,False,False,False,4,5,6,2021-09-12
1631491200,1,False,False,False,False,False,4,5,6,2021-09-13
1631577600,False,False,False,False,False,False,4,5,6,2021-09-14
1631664000,1,False,False,False,False,False,4,5,6,2021-09-15
1631750400,False,False,False,False,False,False,4,5,6,2021-09-16
1631836800,False,False,False,False,False,False,4,5,6,2021-09-17
1631923200,False,False,False,False,False,False,4,5,6,2021-09-18
1632009600,False,False,False,False,False,False,4,5,6,2021-09-19
1632096000,False,False,False,False,False,False,4,5,6,2021-09-20
1632182400,False,False,False,False,False,False,4,5,6,2021-09-21
1632268800,False,False,False,False,False,False,4,5,6,2021-09-22
1632355200,False,False,False,False,False,False,4,5,6,2021-09-23
1632441600,False,False,False,False,False,False,4,5,6,2021-09-24
1632528000,False,False,False,False,False,False,4,5,6,2021-09-25
1632614400,False,False,False,False,False,False,4,5,6,2021-09-26
1632700800,False,False,False,False,False,False,4,5,6,2021-09-27
1632787200,False,False,False,False,False,False,4,5,6,2021-09-28
1632873600,False,False,False,False,False,False,4,5,6,2021-09-29
1632960000,False,False,False,False,False,False,4,5,6,2021-09-30
1633046400,False,False,False,False,False,False,4,5,6,2021-10-01
1633132800,False,False,False,False,False,False,4,5,6,2021-10-02
1633219200,False,False,False,False,False,False,4,5,6,2021-10-03
1633305600,False,False,False,False,False,False,4,5,6,2021-10-04
1633392000,False,False,False,False,False,False,4,5,6,2021-10-05
1633478400,False,False,False,False,False,False,4,5,6,2021-10-06
1633564800,False,False,False,False,False,False,4,5,6,2021-10-07
1633651200,False,False,False,False,False,False,4,5,6,2021-10-08
1633737600,False,False,False,False,False,False,4,5,6,2021-10-09
1633824000,False,False,False,False,False,False,4,5,6,2021-10-10
1633910400,False,False,False,False,False,False,4,5,6,2021-10-11
1633996800,False,False,False,False,False,False,4,5,6,2021-10-12
1634083200,1,False,False,False,False,False,4,5,6,2021-10-13
1634169600,1,False,False,False,False,False,4,5,6,2021-10-14
1634256000,1,False,False,False,False,False,4,5,6,2021-10-15
1634342400,False,False,False,False,False,False,4,5,6,2021-10-16
1634428800,1,False,False,False,False,False,4,5,6,2021-10-17
1634515200,False,False,False,False,False,False,4,5,6,2021-10-18
1634601600,False,False,False,False,False,False,4,5,6,2021-10-19
1634688000,False,False,False,False,False,False,4,5,6,2021-10-20
1634774400,False,False,False,False,False,False,4,5,6,2021-10-21
1634860800,False,False,False,False,False,False,4,5,6,2021-10-22
1634947200,False,False,False,False,False,False,4,5,6,2021-10-23
1635033600,False,False,False,False,False,False,4,5,6,2021-10-24
1635120000,False,False,False,False,False,False,4,5,6,2021-10-25
1635206400,1,False,False,False,False,False,4,5,6,2021-10-26
1635292800,1,False,False,False,False,False,4,5,6,2021-10-27
1635379200,False,False,False,False,False,False,4,5,6,2021-10-28
1635465600,False,False,False,False,False,False,4,5,6,2021-10-29
1635552000,False,False,False,False,False,False,4,5,6,2021-10-30
1635638400,False,False,False,False,False,False,4,5,6,2021-10-31
1635724800,False,False,False,False,False,False,4,5,6,2021-11-01
1635811200,False,False,False,False,False,False,4,5,6,2021-11-02
1635897600,False,False,False,False,False,False,4,5,6,2021-11-03
1635984000,False,False,False,False,False,False,4,5,6,2021-11-04
1636070400,False,False,False,False,False,False,False,False,False,2021-11-05
1636156800,False,False,False,False,False,False,False,False,False,2021-11-06
1636243200,False,False,False,False,False,False,False,False,False,2021-11-07
1636329600,False,False,False,False,False,False,False,False,False,2021-11-08
1636416000,False,False,False,False,False,False,False,False,False,2021-11-09
1636502400,False,False,False,False,False,False,False,False,False,2021-11-10
1636588800,False,False,False,False,False,False,False,False,False,2021-11-11
1636675200,1,False,False,False,False,False,False,False,False,2021-11-12
1636761600,False,False,False,False,False,False,False,False,False,2021-11-13
1636848000,False,False,False,False,False,False,False,False,False,2021-11-14
1636934400,False,False,False,False,False,False,False,False,False,2021-11-15
1637020800,False,False,False,False,False,False,False,False,False,2021-11-16
1637539200,False,False,False,False,False,False,False,False,False,2021-11-22
1637625600,False,False,False,False,False,False,False,False,False,2021-11-23
1637712000,False,False,False,False,False,False,False,False,False,2021-11-24
1637884800,False,False,False,False,False,False,False,False,False,2021-11-26
1637971200,1,False,False,False,False,False,False,False,False,2021-11-27
1638057600,False,False,False,False,False,False,False,False,False,2021-11-28
1638403200,False,False,False,False,False,False,False,False,False,2021-12-02
1638748800,False,False,False,False,False,False,False,False,False,2021-12-06
1639180800,False,False,False,False,False,False,False,False,False,2021-12-11
1639440000,False,False,False,False,False,False,False,False,False,2021-12-14
1639872000,False,False,False,False,False,False,False,False,False,2021-12-19
1640476800,1,False,False,False,False,False,False,False,False,2021-12-26
1640563200,False,False,False,False,False,False,False,False,False,2021-12-27
1640736000,False,False,False,False,False,False,False,False,False,2021-12-29
1641081600,False,False,False,False,False,False,False,False,False,2022-01-02
1641427200,False,False,False,False,False,False,False,False,False,2022-01-06
1641513600,False,False,False,False,False,False,False,False,False,2022-01-07
1641600000,False,False,False,False,False,False,False,False,False,2022-01-08
1641686400,False,False,False,False,False,False,False,False,False,2022-01-09
1641772800,False,False,False,False,False,False,False,False,False,2022-01-10
1641859200,1,False,False,False,False,False,False,False,False,2022-01-11
1642032000,False,False,False,False,False,False,False,False,False,2022-01-13
1642377600,False,False,False,False,False,False,False,False,False,2022-01-17
1642464000,1,False,False,False,False,False,False,False,False,2022-01-18
1642636800,1,False,False,False,False,False,False,False,False,2022-01-20
1642723200,False,False,False,False,False,False,False,False,False,2022-01-21
1642809600,False,False,False,False,False,False,False,False,False,2022-01-22
1643068800,1,False,False,False,False,False,False,False,False,2022-01-25
1643500800,False,False,False,False,False,False,False,False,False,2022-01-30
1643673600,False,False,False,False,False,False,False,False,False,2022-02-01
1643760000,1,False,False,False,False,False,False,False,False,2022-02-02
1643846400,1,False,False,False,False,False,False,False,False,2022-02-03
1644105600,1,False,False,False,False,False,False,False,False,2022-02-06
1644192000,False,False,False,False,False,False,False,False,False,2022-02-07
1644278400,1,False,False,False,False,False,False,False,False,2022-02-08
1644364800,False,False,False,False,False,False,False,False,False,2022-02-09
1644624000,1,False,False,False,False,False,False,False,False,2022-02-12
1644710400,False,False,False,False,False,False,False,False,False,2022-02-13
1644969600,1,False,False,False,False,False,False,False,False,2022-02-16
1645056000,1,False,False,False,False,False,False,False,False,2022-02-17
1645142400,False,False,False,False,False,False,False,False,False,2022-02-18
1645574400,1,False,False,False,False,False,False,False,False,2022-02-23
1645920000,1,False,False,False,False,False,False,False,False,2022-02-27
1646006400,False,False,False,False,False,False,False,False,False,2022-02-28
1646092800,False,False,False,False,False,False,False,False,False,2022-03-01
1646179200,1,False,False,False,False,False,False,False,False,2022-03-02
1646438400,False,False,False,False,False,False,False,False,False,2022-03-05
1646524800,False,False,False,False,False,False,False,False,False,2022-03-06
1646611200,False,False,False,False,False,False,False,False,False,2022-03-07
1646956800,1,False,False,False,False,False,False,False,False,2022-03-11
1647043200,False,False,False,False,False,False,False,False,False,2022-03-12
1647820800,False,False,False,False,False,False,False,False,False,2022-03-21
1647907200,False,False,False,False,False,False,False,False,False,2022-03-22
1648339200,False,False,False,False,False,False,False,False,False,2022-03-27
1648425600,1,False,False,False,False,False,False,False,False,2022-03-28
1648598400,1,False,False,False,False,False,False,False,False,2022-03-30
1648684800,False,False,False,False,False,False,False,False,False,2022-03-31
1648771200,False,False,False,False,False,False,False,False,False,2022-04-01
1649030400,False,False,False,False,False,False,False,False,False,2022-04-04
1649289600,False,False,False,False,False,False,False,False,False,2022-04-07
1649462400,False,False,False,False,False,False,False,False,False,2022-04-09
1649548800,False,False,False,False,False,False,False,False,False,2022-04-10
1649635200,False,False,False,False,False,False,False,False,False,2022-04-11
1649721600,1,False,False,False,False,False,False,False,False,2022-04-12
1649808000,1,False,False,False,False,False,False,False,False,2022-04-13
1649894400,False,False,False,False,False,False,False,False,False,2022-04-14
1649980800,1,False,False,False,False,False,False,False,False,2022-04-15
1650067200,False,False,False,False,False,False,False,False,False,2022-04-16
1650240000,False,False,False,False,False,False,False,False,False,2022-04-18
1650326400,False,False,False,False,False,False,False,False,False,2022-04-19
1650412800,False,False,False,False,False,False,False,False,False,2022-04-20
1650499200,False,False,False,False,False,False,False,False,False,2022-04-21
1650585600,False,False,False,False,False,False,False,False,False,2022-04-22
1650672000,False,False,False,False,False,False,False,False,False,2022-04-23
1650844800,False,False,False,False,False,False,False,False,False,2022-04-25
1650931200,False,False,False,False,False,False,False,False,False,2022-04-26
1651017600,False,False,False,False,False,False,False,False,False,2022-04-27
1651104000,False,False,False,False,False,False,False,False,False,2022-04-28
1651190400,False,False,False,False,False,False,False,False,False,2022-04-29
1651276800,False,False,False,False,False,False,False,False,False,2022-04-30
1651449600,False,False,False,False,False,False,False,False,False,2022-05-02
1651536000,False,False,False,False,False,False,False,False,False,2022-05-03
1651708800,False,False,False,False,False,False,False,False,False,2022-05-05
1651881600,False,False,False,False,False,False,False,False,False,2022-05-07
1651968000,False,False,False,False,False,False,False,False,False,2022-05-08
1652140800,1,False,False,False,False,False,False,False,False,2022-05-10
1652227200,False,False,False,False,False,False,False,False,False,2022-05-11
1652313600,False,False,False,False,False,False,False,False,False,2022-05-12
1652400000,False,False,False,False,False,False,False,False,False,2022-05-13
1652745600,False,False,False,False,False,False,False,False,False,2022-05-17
1652832000,False,False,False,False,False,False,False,False,False,2022-05-18
1652918400,1,False,False,False,False,False,False,False,False,2022-05-19
1653004800,False,False,False,False,False,False,False,False,False,2022-05-20
1653177600,False,False,False,False,False,False,False,False,False,2022-05-22
1653350400,False,False,False,False,False,False,False,False,False,2022-05-24
1653436800,False,False,False,False,False,False,False,False,False,2022-05-25
1653523200,False,False,False,False,False,False,False,False,False,2022-05-26
1653609600,False,False,False,False,False,False,False,False,False,2022-05-27
1653696000,1,False,False,False,False,False,False,False,False,2022-05-28
1653782400,False,False,False,False,False,False,False,False,False,2022-05-29
1653868800,False,False,False,False,False,False,False,False,False,2022-05-30
1653955200,False,False,False,False,False,False,False,False,False,2022-05-31
1654041600,False,False,False,False,False,False,False,False,False,2022-06-01
1654128000,False,False,False,False,False,False,False,False,False,2022-06-02
1654214400,False,False,False,False,False,False,False,False,False,2022-06-03
1654300800,False,False,False,False,False,False,False,False,False,2022-06-04
1654387200,False,False,False,False,False,False,False,False,False,2022-06-05
1654473600,False,False,False,False,False,False,False,False,False,2022-06-06
1654646400,False,False,False,False,False,False,False,False,False,2022-06-08
1654732800,False,False,False,False,False,False,False,False,False,2022-06-09
1654819200,False,False,False,False,False,False,False,False,False,2022-06-10
1654905600,False,False,False,False,False,False,False,False,False,2022-06-11
1655078400,False,False,False,False,False,False,False,False,False,2022-06-13
1655164800,False,False,False,False,False,False,False,False,False,2022-06-14
1655251200,False,False,False,False,False,False,False,False,False,2022-06-15
1655337600,False,False,False,False,False,False,False,False,False,2022-06-16
1655424000,False,False,False,False,False,False,False,False,False,2022-06-17
1655596800,False,False,False,False,False,False,False,False,False,2022-06-19
1655683200,False,False,False,False,False,False,False,False,False,2022-06-20
1655856000,False,False,False,False,False,False,False,False,False,2022-06-22
1655942400,False,False,False,False,False,False,False,False,False,2022-06-23
1656028800,False,False,False,False,False,False,False,False,False,2022-06-24
1656201600,False,False,False,False,False,False,False,False,False,2022-06-26
1656288000,1,False,False,False,False,False,False,False,False,2022-06-27
1656374400,False,False,False,False,False,False,False,False,False,2022-06-28
1656460800,False,False,False,False,False,False,False,False,False,2022-06-29
1656547200,False,False,False,False,False,False,False,False,False,2022-06-30
1656633600,False,False,False,False,False,False,False,False,False,2022-07-01
1656892800,1,False,False,False,False,False,False,False,False,2022-07-04
1656979200,False,False,False,False,False,False,False,False,False,2022-07-05
1657152000,False,False,False,False,False,False,False,False,False,2022-07-07
1657238400,False,False,False,False,False,False,False,False,False,2022-07-08
1657584000,False,False,False,False,False,False,False,False,False,2022-07-12
1657756800,False,False,False,False,False,False,False,False,False,2022-07-14
1658016000,False,False,False,False,False,False,False,False,False,2022-07-17
1658102400,False,False,False,False,False,False,False,False,False,2022-07-18
1658188800,False,False,False,False,False,False,False,False,False,2022-07-19
1658275200,False,False,False,False,False,False,False,False,False,2022-07-20
1658361600,1,False,False,False,False,False,False,False,False,2022-07-21
1658448000,False,False,False,False,False,False,False,False,False,2022-07-22
1658534400,False,False,False,False,False,False,False,False,False,2022-07-23
1658620800,False,False,False,False,False,False,False,False,False,2022-07-24
1658707200,1,False,False,False,False,False,False,False,False,2022-07-25
1658793600,False,False,False,False,False,False,False,False,False,2022-07-26
1658880000,False,False,False,False,False,False,False,False,False,2022-07-27
1658966400,False,False,False,False,False,False,False,False,False,2022-07-28
1659052800,False,False,False,False,False,False,False,False,False,2022-07-29
1659139200,False,False,False,False,False,False,False,False,False,2022-07-30
1659225600,False,False,False,False,False,False,False,False,False,2022-07-31
1659398400,False,False,False,False,False,False,False,False,False,2022-08-02
1659484800,False,False,False,False,False,False,False,False,False,2022-08-03
1659571200,1,False,False,False,False,False,False,False,False,2022-08-04
1659744000,False,False,False,False,False,False,False,False,False,2022-08-06
1659830400,False,False,False,False,False,False,False,False,False,2022-08-07
1659916800,False,False,False,False,False,False,False,False,False,2022-08-08
1660003200,False,False,False,False,False,False,False,False,False,2022-08-09
1660176000,False,False,False,False,False,False,False,False,False,2022-08-11
1660262400,1,False,False,False,False,False,False,False,False,2022-08-12
1660435200,1,False,False,False,False,False,False,False,False,2022-08-14
1660521600,False,False,False,False,False,False,False,False,False,2022-08-15
1660608000,False,False,False,False,False,False,False,False,False,2022-08-16
1660694400,False,False,False,False,False,False,False,False,False,2022-08-17
1660780800,False,False,False,False,False,False,False,False,False,2022-08-18
1660953600,1,False,False,False,False,False,False,False,False,2022-08-20
1661040000,1,False,False,False,False,False,False,False,False,2022-08-21
1661126400,1,False,False,False,False,False,False,False,False,2022-08-22
1661212800,False,False,False,False,False,False,False,False,False,2022-08-23
1661299200,False,False,False,False,False,False,False,False,False,2022-08-24
